111.@proof.ocn.ne.jp OR 11111.@marble.ocn.ne.jp OR 133873918541@havrby.xyz OR 5901822@aruba.it OR 62711059@mylife.unisa.ac.za OR 99@a.chtah.com OR 99@e.2mg.in OR 99@e.alcondigital.com OR 99@e.simplego.in OR 99@e.transitinbox.com OR aad94p@jioderigy.com OR aagam.singh@outlook.com OR aaniyashingh@aol.com OR aarkaytraders12@gmail.com OR abuse@namenname.org OR abuse@publicdomainregistry.com OR account@bidvertiser.com OR admin@adnet-online.at OR admin@epaidprogram.com OR admin@onlineqai.in OR adrian.smith@hopeopitte.xyz OR aimee.hendrycks@nycdesignsinc.com OR akiraso@tim.it OR akram.lamba@timesgroup.com OR albert@my-seo.tech OR alex@logodesignsite.site OR alex@opencodetreat.com OR alia.bhat@ezycollege.com OR alinalanina1@gmail.com OR alisha@verifiedrank.com OR allexwalter22@gmail.com OR amazo@e.simplego.in OR amrutha@freshersworld.in OR andy@videohouse.site OR ankit@splurgingplu.online OR ankita@e.freekacharge.in OR Ankita@e.transitinbox.com OR ankitakapoor31@yahoo.com OR antionemueller@aol.com OR arpitkatiyar04@hotmail.com OR arpitkatiyar11@hotmail.com OR arvind@codebreak.info OR asemeo@e.simplego.in OR attached_o@yahoo.co.uk OR austin@ceberalwriting.club OR aya99@e.2mg.in OR bert040@tim.it OR bloodtestathome@healthoffers.biz OR brandedsms@live.com OR brandon@bestcontenthelp.com OR bret@graphicsanimator.site OR brian_robinson41@aol.com OR brofsky@cox.net OR bullpout@haroldthese.date OR buyonline@vodafone.com OR c.diningelegance@mw.twcbc.com OR CarsonLouis@consultant.com

cassio.silva73@etec.sp.gov.br OR ceo@federal.com OR ceo@federalreserve.com OR certificate@ednxt.info OR certificate@manipalprolearnedu.com OR charlespayne469w@aol.com OR chevroletmotorsuk87@outlook.com OR chevroletmotorsukclaimsprize@outlook.com OR chhaya@onlinelab.info OR chotiya@a.chtah.com OR christian.feemers@t-online.de OR christina.worldwideemaillist@gmail.com OR claimunit_cash4u6487879@outlook.com OR clair@ebaypro.biz OR CLLA.@fine.ocn.ne.jp OR colemanjeffreyec@gmail.com OR contact055962866262059@happyhealthyhearts.co.uk OR contact975799027124606@happyhealthyhearts.co.uk OR contact@body.bellyreducingfat.com OR contact@domain-submit.eu OR cooper@gamma.ocn.ne.jp OR cooper@tea.ocn.ne.jp OR cooperj@gamma.ocn.ne.jp OR creditsesame.com@mousedive.xyz OR d.trump@futiogs.xyz OR d@zomato.com OR danielwa@yamamotoya.com OR daslda22@outlook.com OR david.crawford36@aol.com OR david.wilson@wikiprosinc.com OR debby.wade@aspiretec.info OR dhiren@dotsinnovations.com OR dhlofficemail01@yandex.com OR dimpi@a.chtah.com OR dkdhte12@abv.bg OR do-not-reply@magentodesignshop.com OR do-not-reply@woocommercedesigns.com OR do-not-reply@wordpressdesignhub.com OR domainlisting@enthuse.computernetworksonline.com OR domainmarketing@work.iwisher.com OR domains@regdomainse.com OR domainservices@iwisher.com OR dora.reed@fundtec.info OR duke@e.simplego.in OR eikoh@crocus.ocn.ne.jp OR emyfergusen@gmail.com OR erect.on.demand@madmajoys.xyz OR evan.uxdesigner@yahoo.com OR evans.wilson1945@outlook.com

fantasycricket@dream11.com OR fantasysports@dream11.com OR fb@mailfb.in OR federal.@aroma.ocn.ne.jp OR genival@fct.unesp.br OR georgethaing@gmail.com OR gerry@imf.com OR get2benson@gmail.com OR gezelaine.souza@etec.sp.gov.br OR groupworld45@live.com OR guttered@hotborutautumn.top OR harryrees399t@aol.com OR harsh@gmail.com OR hebertwixomtm7@gmail.com OR hello@3xdesignservice.com OR hello@99ds.us OR hello@bigmarker.com OR hello@craftivebranding.co OR hello@mailerassist.com OR hey@custombrandingguru.com OR hey@logo-moto.com OR hey@onlinebrandingstudio.com OR hidek@arrow.ocn.ne.jp OR hikida@theia.ocn.ne.jp OR hildebrandhlindsay6@gmail.com OR HinesRobin@consultant.com OR hostmasters@user-support-vericactionc.com OR hudbnas1@abv.bg OR ijccom91@gmail.com OR info1436651433@owningabeautysalon.co.uk OR info1@angel.ocn.ne.jp OR info4511125849@latestethnicwear.co.uk OR info8574709340@latestethnicwear.co.uk OR info@5xfniljeff.gainfulfreshbl.co.uk OR info@ampleclick.com OR info@amyq.formirror.com OR info@areginaloman.com OR info@brinjal.info OR info@bulksmsserviceproviders.com OR info@commtrends.in OR info@compoundintrest.com OR info@crm.utrans01.com OR info@dansbodyservice.co.uk OR info@dansbodyservice.com OR info@datacloud.in.net OR info@dfycsflwup.parablestory.co.uk OR info@digi.mailscart.com OR info@digitalnotice.se OR info@displaymailbox.com OR info@duvcvehjnq.gainfulfreshbl.co.uk OR info@e.shoponmail.in OR info@easylogocreations.info OR info@ecomtrendz.com OR info@edm.efinmail.com

info@em.india-furniture.co.in OR info@email.mailscart.com OR info@es.finance-plus.in OR info@exalt-design.co OR info@expo.org OR info@expo.org.net OR info@export.com OR info@export.org OR info@fleurs-decorations.us OR info@gokaarts.com OR info@grsoftsolutions.biz OR info@hrumhfhoqs.inspiringfitnessworld.co.uk OR info@itwebservices.biz OR info@jmails.info OR info@ketto.org OR info@logo-designs.se OR info@lucifro.com OR info@mail9.info OR info@mailclues.info OR info@mails.shiningindiaa.com OR info@mc.shiningindiaa.com OR info@myamazers.in OR info@mydigitalindia.xyz OR info@mysending77.com OR info@natureislandskincare.com OR info@noticedomain.se OR info@noticedomains.co OR info@oqk6izdcm3.inspiringfitnessworld.co.uk OR info@oreomanager.com OR info@qo7r6ao4ww.inspiringfitnessworld.co.uk OR info@rheehfsryb.gymworkoutplans.co.uk OR info@rkcdesign.us OR info@rt.mailindiapro.com OR info@serverauthor.top OR info@serverbest.top OR info@serverblack.top OR info@signrequest-mail.com OR info@steadfastserver.com OR info@technosystech.in OR info@tekjioemail.com OR info@todaymstr.com OR info@topratedservice.online OR info@umeacademy.com OR info@vhjkmfxxdcmvnxt6xq2w.specimensrobert.co.uk OR info@webservicesportals.xyz OR info@xltaffiliate.com OR info@xp.org OR info@zugvfnycw7.teachersfavorites.co.uk OR informxapp@lumennomen.com OR isseaterta1985@yahoo.com OR ithelpdesk@artissimodesigns.com OR ivlanyhow@airpurifyingsystems.com OR jacob@webappsusa.info OR james@webcommerce.site

jaquelinezieler7357@aol.com OR jayaapps@outlook.com OR jcooper@arion.ocn.ne.jp OR jecob1552@rediffmail.com OR jeromepowell.@movie.ocn.ne.jp OR jj0hnscott@yandex.com OR jobmessenger@monsterindia.com OR jobs@aspiringminds.in OR jobs@myamcat.com OR joeannbauer566@gmail.com OR jontan220@e-mail.pk OR josephsamuelf@gmail.com OR joshua@ebaypro.biz OR justin@riversoflife.org.sg OR kajal.agarwal@ezycollege.com OR karan66vahi@outlook.com OR karen@2danimation.site OR Kfinkartupdates@karvy.com OR khanvegaley@gmail.com OR kiran@appziq.com OR kotak@mloyalnewsletter.com OR kristine.emc@gmail.com OR kvcbosxpzaek@ydzuhpje.com OR kvinjones01@gmail.com OR lably.singh@aol.com OR lanasilva@animationglaze.com OR landan@e.simplego.in OR lavania@e.simplego.in OR learn@learnvibes.net OR lester_spencer2@aol.com OR linah56@mobiloan.xyz OR lottery_uk10@yahoo.com OR luckeylaustrame31@gmail.com OR mail@rexon.co.in OR mailer@newsletter-mopng.com OR mails@amails.in OR malini@a.chtah.com OR malini@e.freekacharge.in OR malini@e.simplego.in OR maniya@e.simplego.in OR Mansi@e.2mg.in OR manvi@e.simplego.in OR Marcus_Exelby@jackmorton.co.uk OR maria@e.2mg.in OR maria@sociodigit.tech OR Marvin.webtechnology@outlook.com OR melinabethard3845@aol.com OR melissatipdfler@aol.com OR melora@e.2mg.in OR michael@probizrank.com OR micros1f@outlook.com OR miklejack@laughingforhealth.com OR miklejackdzkdtzy7ra@laughingforhealth.com OR miklejackff0jydtpsb@laughingforhealth.com OR miklejackj9fp3zlinj@laughingforhealth.com

miklejackonuwzmsk3j@laughingforhealth.com OR miklejackrijqmow0yd@laughingforhealth.com OR millerittechonology@gmail.com OR misael_calzada@prodigy.net.mx OR mitzidraves1004@aol.com OR mohini@a.chtah.com OR mohit@leadingappdeveloper.com OR Mote@a.chtah.com OR mote@e.2mg.in OR movies@mails.justdialmail.com OR mvergara@vecinoslaparva.cl OR mysweetcheekseweb@outlook.com OR m_heidi15@aol.fr OR n.ergun@arentelekom.com OR nao.@proof.ocn.ne.jp OR navya@e.2mg.in OR navya@e.transitinbox.com OR nbafantasy@dream11.com OR nehruplace@firstflight.net OR nelidamartin510@gmail.com OR newsletter@bankmarket.in OR newsletter@boxme9.com OR newsletter@e.landmarkshop.in OR newsletter@freedealcode.in OR newsletter@freekacharge.com OR newsletter@hotoffers.co.in OR newsletter@kwikinbox.com OR newsletter@magnemit.com OR newsletter@netecart.com OR newsletter@offer4uhub.com OR newsletter@offeronmail.com OR newsletter@reldigit.co.in OR newsletter@savingsector.com OR newsletter@tsi.ai OR newsletter@update.esteemnewsemail.com OR newsletters@backendmails.com OR newsletters@dare2rare.com OR newsletters@eacketwizz.com OR newsletters@finolux.com OR newsletters@ibankserviceonline.com OR newsletters@isconmail.com OR newsletters@keepitinbox.com OR newsletters@m2i.in OR newsletters@mailonspot.com OR newsletters@mvxwr.info OR newsletters@postfixbox.com OR newsletters@smtpmailbox.com OR newsletters@wwfmails.com OR nishu-bdm@outlook.com OR no-reply@loginshortest.com OR noreply10@freshersworld.in

noreply@160by2invite.com OR noreply@amubm.com OR noreply@aptoide.com OR noreply@bmsrv3.amubm.com OR noreply@buddyauth.com OR noreply@emails.mailersforyou.com OR noreply@imperialpharms.co.uk OR noreply@kwikinbox.com OR noreply@thalizma.com OR noreply@ttstoreusa.com OR noreply@valunewser.com OR notes@salekode.com OR notification@cashmeback.in OR notifications@impactradius-platform.com OR notifications@livehealthacademy.com OR notifications@zorpia.com OR oaflmkiwhk@racyzuessxgf.com OR offial_984@outlook.com OR oja@e.2mg.in OR opw37@abv.bg OR otis@dwayne.jzibd.com OR ouscevrsmith@gmail.com OR outlook@email2.office.com OR p.dehlinger@tubeo.eu OR parker0ciwhif@gmail.com OR parmila.pikeducation@gmail.com OR parul@e.simplego.in OR paul@seofox.co OR paul_vo2@aol.com OR peter@expertdesignsolutions.onlin OR peter@expertdesignsolutions.online OR petre.teodorescu@otelinox.ro OR pfranks@xtra.co.nz OR priya@e.transitinbox.com OR priyanshiagarwal55@yahoo.com OR query@cetpainfotech.com OR rae.tenahu@xtra.co.nz OR rajani@a.chtah.com OR rankingservices@dollar.cheapwebsitehoster.com OR rashid@trustedappdeveloper.com OR ravensareblackeseo@outlook.com OR reliancedigital@ril.com OR reports@cloudtimes.in OR robertjustin.@coral.ocn.ne.jp OR rodrigo.silva930@etec.sp.gov.br OR ron@motionanimation.site OR rose.parker@tecvix.info OR ruksion63620279130448491994@environmenthealthsafety.com OR rupalisharma1456@outlook.com OR rustyvwalczak@gmail.com OR sales@24kcreativedesigns.com

sales@99designershub.com OR sales@bcan.in OR sales@bl0gs.space OR sales@brandingistrending.com OR sales@canvadesigners.com OR sales@creativecodersonline.com OR sales@eb00k.club OR sales@fiverrdesigns.co.uk OR sales@jeezanimations.world OR sales@logodesignsgallery.com OR sales@logopublic.com OR sales@logosandtrademark.com OR sales@mweb.co.in OR sales@myjapanautos.com OR sales@planyourlogo.com OR sales@store.mission-health.org OR sales@videojunkiesonline.com OR sales@viralanimationjunkies.com OR salescareer@freshersworld.in OR samsung.lond101@outlook.com OR samuel@opencodetreat.com OR sandeep.seomanager@yahoo.com OR sanya@a.chtah.com OR sara@e.simplego.in OR sarah.johnson@fortunedesign.live OR scan@clubbali.com OR schober@prodigy.net.mx OR scottb@yahoo.com OR sharma.ranbir@yahoo.com OR shikha@e.simplego.in OR shivani@e.simplego.in OR shreya@e.2mg.in OR sj.paige@gmail.con OR sneha.webprovider@outlook.com OR social@bm.perkyfish.com OR social@webizona.com OR somya@e.simplego.in OR sonu.createapps@outlook.com OR sophia@logorative.co.uk OR Sophie.Badger@outlook.com OR srivastavayashi316@gmail.com OR sruti@a.chtah.com OR stellanathan@logonoir.com OR support01PRYVWHbz@deliciousdiabetic.co.uk OR support3Kz1gzPYCW@deliciousdiabetic.co.uk OR support@4067248939.fashionsportsradio.co.uk OR support@8mtq5htu1qeco39.infocusritehub.com OR support@azzjb18hqv.thebridesfamily.co.uk OR support@customwebagency.com OR support@dansbodyservice.com OR support@fndbl.com OR support@getvelfie.com

support@oxygen-me.com OR support@powerinnovator.info OR support@samco.in OR support@singlemalted.com OR support@technologyy.com OR supportdzSdPifGlC@deliciousdiabetic.co.uk OR susan@informativewebsite.site OR tactus@e.simplego.in OR tagdi@e.simplego.in OR talvindersingh@pragmaticleaders.io OR taniya@e.simplego.in OR tanya@e.transitinbox.com OR teste@restaurantelavrador.com OR the.q-lap556.@image.ocn.ne.jp OR tobo@e.simplego.in OR tokio@e.simplego.in OR tokyo.yh@vesta.ocn.ne.jp OR tosee227@eos.ocn.ne.jp OR tracy@animationdevelopment.site OR tracy@animationstory.site OR training@tevatrontech.org OR ukprize.cz@outlook.com OR unccdivision.claims@mocha.ocn.ne.jp OR unccdivision.claims@olive.ocn.ne.jp OR update@101cars.trade OR update@alt.notifyonmail.com OR update@beta.global-mailtrends.com OR update@edm.shop-on-mail.com OR update@email-smtp1.com OR update@env.book-on-mail.com OR update@ep.nano-mails.com OR update@epost.blogonmail.com OR update@etc.worldonmail.com OR update@mta.updates-on-mail.com OR update@mtp.inboxads365.com OR update@net-for-all.com OR update@offersurprise.com OR update@pla.octa-mails.com OR update@pos.mailjio.com OR update@site.easyjobs365.com OR update@srv.jobs-on-mail.com OR update@trans.travelonmail.com OR update@utm.mails-server.com OR usha@freshersworld.in OR va.loan.#133873918541@havrby.xyz OR vjddseybs@pullmail.info OR vodafonemobileserviceslimited@gmail.com OR w.@air.ocn.ne.jp OR webmaster@clearmail.com.au

websitemarket@round.domainsiteregistration.com OR williams.itorgansiation@gmail.com OR window-deals@lawerus.xyz OR wordpress@demo3.litextension.com OR wordpress@demo5.litextension.com OR wu.netspend.prepaid.card@nciterm.xyz OR wu.netspend.prepaid.card@ovirand.xyz OR ww.@ray.ocn.ne.jp OR www.@aroma.ocn.ne.jp OR www.@drive.ocn.ne.jp OR www.@ray.ocn.ne.jp OR www.@siren.ocn.ne.jp OR www.@viola.ocn.ne.jp OR w_jackson52@aol.com OR yadavpoonam4@outlook.com OR zainababdul233@gmail.com

